Workbook

Sheet Region
A1: Month | B1: Region | C1: Quintile Position | D1: Overall Rank | E1: Overall Score | F1: * | G1: GP Per Labor Hour Actual | H1: GP Per Labor Hour Tgt | I1: GP Per Labor Hour %Tgt | J1: GP Per Labor Hour Rank | K1: PP Acts | L1: PP Act Tgt | M1: PP Act %Tgt | N1: PP Act Attain Rank | O1: ReBiz Boxes | P1: ReBiz Traffic | Q1: Rebiz Conv | R1: Rebiz Conv Target | S1: ReBiz Conv %Tgt | T1: ReBiz Conv Rank | U1: Acc GP Pct Actual | V1: Acc GP Pct Rank | W1: CSAT Actual | X1: CSAT Rank | Y1: Visa Priority Apps | Z1: Visa Priority Interactions | AA1: Visa Priority Rate | AB1: Visa Priority Rate Tgt | AC1: Visa Priority Rate %Tg | AD1: Visa Priority Rate Rank | AE1: Indexed P360 Attach Rate | AF1: P360 Attach Rate Tgt | AG1: P360 Attach Rate %Tgt | AH1: P360 Attach Rate Rank | AI1: Premium Lines | AJ1: New Lines | AK1: Premium Mix Rate | AL1: Premium Mix Rate Tgt | AM1: Premium Mix Rate %Tgt | AN1: Premium Rate Plan Rank
A2: 08/2026 | B2: East | C2: 1 | D2: 1 | E2: 1.8 | F2: * | G2: 26.0525 | H2: 35.054494 | I2: 0.7432 | J2: 1 | K2: 3980.5 | L2: 4779.847 | M2: 0.832767 | N2: 2 | O2: 6251 | P2: 37679 | Q2: 0.16590143 | R2: 0.23808567 | S2: 0.696814 | T2: 4 | U2: 1.1803 | V2: 2 | W2: 9.0358 | X2: 1 | Y2: 623 | Z2: 5215 | AA2: 0.11946309 | AB2: 0.1 | AC2: 1.19463 | AD2: 1 | AE2: 0.31827067 | AF2: 0.4 | AG2: 0.795675 | AH2: 2 | AI2: 871 | AJ2: 1127 | AK2: 0.77284827 | AL2: 0.8 | AM2: 0.96606 | AN2: 1
A3: 08/2026 | B3: North | C3: 2 | D3: 2 | E3: 2.1 | F3: * | G3: 23.1172 | H3: 32.720736 | I3: 0.7065 | J3: 2 | K3: 2712 | L3: 3366.644 | M3: 0.80555 | N3: 4 | O3: 4330 | P3: 23794 | Q3: 0.18197865 | R3: 0.24000107 | S3: 0.758241 | T3: 2 | U3: 1.3121 | V3: 1 | W3: 8.9471 | X3: 2 | Y3: 300 | Z3: 3399 | AA3: 0.088261253 | AB3: 0.1 | AC3: 0.88261 | AD3: 2 | AE3: 0.33855033 | AF3: 0.4 | AG3: 0.846375 | AH3: 1 | AI3: 632 | AJ3: 827 | AK3: 0.76420798 | AL3: 0.8 | AM3: 0.955258 | AN3: 2
A4: 08/2026 | B4: Central | C4: 3 | D4: 3 | E4: 2.7 | F4: * | G4: 23.7283 | H4: 37.011855 | I4: 0.6411 | J4: 3 | K4: 4253.5 | L4: 4954.212 | M4: 0.858562 | N4: 1 | O4: 7050 | P4: 41730 | Q4: 0.16894321 | R4: 0.23936142 | S4: 0.705808 | T4: 3 | U4: 1.1652 | V4: 3 | W4: 8.9467 | X4: 3 | Y4: 429 | Z4: 5424 | AA4: 0.07909292 | AB4: 0.1 | AC4: 0.79092 | AD4: 3 | AE4: 0.29267267 | AF4: 0.4 | AG4: 0.73168 | AH4: 3 | AI4: 792 | AJ4: 1105 | AK4: 0.71674208 | AL4: 0.8 | AM4: 0.895927 | AN4: 3
A5: 08/2026 | B5: South | C5: 4 | D5: 4 | E5: 3.4 | F5: * | G5: 18.6161 | H5: 37.180148 | I5: 0.5007 | J5: 4 | K5: 4075 | L5: 5055.417 | M5: 0.806066 | N5: 3 | O5: 6809 | P5: 33813 | Q5: 0.20137225 | R5: 0.23714233 | S5: 0.849162 | T5: 1 | U5: 1.1143 | V5: 4 | W5: 8.8889 | X5: 4 | Y5: 352 | Z5: 5009 | AA5: 0.070273508 | AB5: 0.1 | AC5: 0.70273 | AD5: 4 | AE5: 0.27996433 | AF5: 0.4 | AG5: 0.69991 | AH5: 4 | AI5: 823 | AJ5: 1182 | AK5: 0.6962775 | AL5: 0.8 | AM5: 0.870346 | AN5: 4

Sheet District
A1: Month | B1: District | C1: Quintile Position | D1: Overall Rank | E1: Overall Score | F1: * | G1: GP Per Labor Hour Actual | H1: GP Per Labor Hour Tgt | I1: GP Per Labor Hour %Tgt | J1: GP Per Labor Hour Rank | K1: PP Acts | L1: PP Act Tgt | M1: PP Act %Tgt | N1: PP Act Attain Rank | O1: ReBiz Boxes | P1: ReBiz Traffic | Q1: Rebiz Conv | R1: Rebiz Conv Target | S1: ReBiz Conv %Tgt | T1: ReBiz Conv Rank | U1: Acc GP Pct Actual | V1: Acc GP Pct Rank | W1: CSAT Actual | X1: CSAT Rank | Y1: Visa Priority Apps | Z1: Visa Priority Interactions | AA1: Visa Priority Rate | AB1: Visa Priority Rate Tgt | AC1: Visa Priority Rate %Tg | AD1: Visa Priority Rate Rank | AE1: Indexed P360 Attach Rate | AF1: P360 Attach Rate Tgt | AG1: P360 Attach Rate %Tgt | AH1: P360 Attach Rate Rank | AI1: Premium Lines | AJ1: New Lines | AK1: Premium Mix Rate | AL1: Premium Mix Rate Tgt | AM1: Premium Mix Rate %Tgt | AN1: Premium Rate Plan Rank
A2: 08/2026 | B2: KS/OK | C2: 1 | D2: 4 | E2: 11.25 | F2: * | G2: 32.0775 | H2: 39.228935 | I2: 0.8177 | J2: 8 | K2: 901 | L2: 851.72 | M2: 1.057859 | N2: 2 | O2: 1325 | P2: 6856 | Q2: 0.19326138 | R2: 0.24000052 | S2: 0.805254 | T2: 8 | U2: 1.3935 | V2: 8 | W2: 8.4286 | X2: 34 | Y2: 108 | Z2: 847 | AA2: 0.12750885 | AB2: 0.1 | AC2: 1.27508 | AD2: 7 | AE2: 0.31675833 | AF2: 0.4 | AG2: 0.791895 | AH2: 16 | AI2: 114 | AJ2: 154 | AK2: 0.74025974 | AL2: 0.8 | AM2: 0.925323 | AN2: 17
A3: 08/2026 | B3: Central Texas | C3: 3 | D3: 15 | E3: 16.65 | F3: * | G3: 21.3556 | H3: 35.386247 | I3: 0.6035 | J3: 23 | K3: 452 | L3: 528.582 | M3: 0.855118 | N3: 15 | O3: 845 | P3: 4711 | Q3: 0.17936744 | R3: 0.24000075 | S3: 0.747362 | T3: 19 | U3: 1.2311 | V3: 17 | W3: 9.2308 | X3: 9 | Y3: 53 | Z3: 650 | AA3: 0.081538462 | AB3: 0.1 | AC3: 0.81538 | AD3: 18 | AE3: 0.31232 | AF3: 0.4 | AG3: 0.7808 | AH3: 18 | AI3: 143 | AJ3: 175 | AK3: 0.81714286 | AL3: 0.8 | AM3: 1.021427 | AN3: 10
A4: 08/2026 | B4: MO/IA/NE | C4: 3 | D4: 18 | E4: 18.85 | F4: * | G4: 33.778 | H4: 35.834925 | I4: 0.9426 | J4: 4 | K4: 527 | L4: 534.391 | M4: 0.986169 | N4: 5 | O4: 921 | P4: 6460 | Q4: 0.14256966 | R4: 0.24000131 | S4: 0.594037 | T4: 35 | U4: 1.2346 | V4: 15 | W4: 8.8519 | X4: 25 | Y4: 43 | Z4: 639 | AA4: 0.067292645 | AB4: 0.1 | AC4: 0.67292 | AD4: 23 | AE4: 0.22334567 | AF4: 0.4 | AG4: 0.558362 | AH4: 34 | AI4: 82 | AJ4: 107 | AK4: 0.76635514 | AL4: 0.8 | AM4: 0.957943 | AN4: 14
A5: 08/2026 | B5: SA South | C5: 3 | D5: 20 | E5: 19.85 | F5: * | G5: 16.6118 | H5: 37.995883 | I5: 0.4372 | J5: 32 | K5: 486.5 | L5: 584.377 | M5: 0.832511 | N5: 17 | O5: 817 | P5: 4585 | Q5: 0.17818975 | R5: 0.23400112 | S5: 0.761491 | T5: 17 | U5: 1.179 | V5: 19 | W5: 9.4382 | X5: 3 | Y5: 36 | Z5: 415 | AA5: 0.086746988 | AB5: 0.1 | AC5: 0.86746 | AD5: 17 | AE5: 0.30467533 | AF5: 0.4 | AG5: 0.761687 | AH5: 20 | AI5: 111 | AJ5: 173 | AK5: 0.6416185 | AL5: 0.8 | AM5: 0.802022 | AN5: 32
A6: 08/2026 | B6: SA/Hill Country | C6: 3 | D6: 21 | E6: 20.15 | F6: * | G6: 22.1893 | H6: 37.859239 | I6: 0.5861 | J6: 24 | K6: 256 | L6: 334.396 | M6: 0.765559 | N6: 23 | O6: 461 | P6: 2734 | Q6: 0.16861741 | R6: 0.24000087 | S6: 0.70257 | T6: 25 | U6: 1.3873 | V6: 9 | W6: 9.2973 | X6: 7 | Y6: 43 | Z6: 406 | AA6: 0.10591133 | AB6: 0.1 | AC6: 1.05911 | AD6: 11 | AE6: 0.24522167 | AF6: 0.4 | AG6: 0.613052 | AH6: 30 | AI6: 38 | AJ6: 59 | AK6: 0.6440678 | AL6: 0.8 | AM6: 0.805083 | AN6: 31
A7: 08/2026 | B7: West Texas | C7: 3 | D7: 22 | E7: 21 | F7: * | G7: 40.1576 | H7: 36.427431 | I7: 1.1024 | J7: 2 | K7: 259 | L7: 353.608 | M7: 0.732449 | N7: 26 | O7: 445 | P7: 2743 | Q7: 0.16223113 | R7: 0.24000038 | S7: 0.675962 | T7: 28 | U7: 1.0753 | V7: 25 | W7: 8.4444 | X7: 33 | Y7: 26 | Z7: 378 | AA7: 0.068783069 | AB7: 0.1 | AC7: 0.68783 | AD7: 22 | AE7: 0.35524233 | AF7: 0.4 | AG7: 0.888105 | AH7: 11 | AI7: 68 | AJ7: 97 | AK7: 0.70103093 | AL7: 0.8 | AM7: 0.876287 | AN7: 24
A8: 08/2026 | B8: DFW East | C8: 4 | D8: 23 | E8: 21.2 | F8: * | G8: 20.4663 | H8: 37.999072 | I8: 0.5386 | J8: 27 | K8: 686 | L8: 721.553 | M8: 0.950727 | N8: 8 | O8: 1003 | P8: 5627 | Q8: 0.17824773 | R8: 0.24000126 | S8: 0.742695 | T8: 20 | U8: 1.0023 | V8: 30 | W8: 8.9619 | X8: 19 | Y8: 52 | Z8: 807 | AA8: 0.064436183 | AB8: 0.1 | AC8: 0.64436 | AD8: 25 | AE8: 0.296979 | AF8: 0.4 | AG8: 0.742447 | AH8: 21 | AI8: 104 | AJ8: 146 | AK8: 0.71232877 | AL8: 0.8 | AM8: 0.89041 | AN8: 22
A9: 08/2026 | B9: South TX/RGV | C9: 4 | D9: 28 | E9: 23.75 | F9: * | G9: 17.8118 | H9: 36.664883 | I9: 0.4858 | J9: 30 | K9: 351 | L9: 470.057 | M9: 0.746718 | N9: 25 | O9: 588 | P9: 3641 | Q9: 0.1614941 | R9: 0.24000038 | S9: 0.672891 | T9: 29 | U9: 1.0496 | V9: 27 | W9: 9.2809 | X9: 8 | Y9: 50 | Z9: 620 | AA9: 0.080645161 | AB9: 0.1 | AC9: 0.80645 | AD9: 19 | AE9: 0.337512 | AF9: 0.4 | AG9: 0.84378 | AH9: 13 | AI9: 47 | AJ9: 76 | AK9: 0.61842105 | AL9: 0.8 | AM9: 0.773026 | AN9: 35
A10: 08/2026 | B10: DFW North | C10: 5 | D10: 37 | E10: 30.7 | F10: * | G10: 11.2826 | H10: 36.150593 | I10: 0.3121 | J10: 35 | K10: 335 | L10: 575.528 | M10: 0.582074 | N10: 37 | O10: 645 | P10: 4373 | Q10: 0.147496 | R10: 0.24000182 | S10: 0.614562 | T10: 33 | U10: 0.9313 | V10: 36 | W10: 9.2101 | X10: 11 | Y10: 18 | Z10: 662 | AA10: 0.027190332 | AB10: 0.1 | AC10: 0.2719 | AD10: 37 | AE10: 0.27289167 | AF10: 0.4 | AG10: 0.682227 | AH10: 27 | AI10: 85 | AJ10: 118 | AK10: 0.72033898 | AL10: 0.8 | AM10: 0.900422 | AN10: 20

Sheet Store
A1: District | B1: SAP | C1: Month | D1: Sap: Loaction | E1: Quintile Position | F1: Overall Rank | G1: Overall Score | H1: * | I1: GP Per Labor Hour Actual | J1: GP Per Labor Hour Tgt | K1: GP Per Labor Hour %Tgt | L1: GP Per Labor Hour Rank | M1: PP Acts | N1: PP Act Tgt | O1: PP Act %Tgt | P1: PP Act Attain Rank | Q1: ReBiz Boxes | R1: ReBiz Traffic | S1: Rebiz Conv | T1: Rebiz Conv Target | U1: ReBiz Conv %Tgt | V1: ReBiz Conv Rank | W1: Acc GP Pct Actual | X1: Acc GP Pct Rank | Y1: CSAT Actual | Z1: CSAT Rank | AA1: Visa Priority Apps | AB1: Visa Priority Interactions | AC1: Visa Priority Rate | AD1: Visa Priority Rate Tgt | AE1: Visa Priority Rate %Tg | AF1: Visa Priority Rate Rank | AG1: Indexed P360 Attach Rate | AH1: P360 Attach Rate Tgt | AI1: P360 Attach Rate %Tgt | AJ1: P360 Attach Rate Rank | AK1: Premium Lines | AL1: New Lines | AM1: Premium Mix Rate | AN1: Premium Mix Rate Tgt | AO1: Premium Mix Rate %Tgt | AP1: Premium Rate Plan Rank
A2: =_xlfn.XLOOKUP(Table1[[#This Row],[SAP]],'Location List'!B:B,'Location List'!G:G) -> MO/IA/NE | B2: =LEFT(Table1[[#This Row],[Sap: Loaction]],4) -> 4ASM | C2: 08/2026 | D2: 4ASM: Osage | E2: 1 | F2: 8 | G2: 78.45 | H2: * | I2: 61.2093 | J2: 40.00085 | K2: 1.5302 | L2: 17 | M2: 78 | N2: 54.264 | O2: 1.4374 | P2: 13 | Q2: 132 | R2: 622 | S2: 0.21221865 | T2: 0.24001204 | U2: 0.8842 | V2: 88 | W2: 1.8101568 | X2: 41 | Y2: 9.2692 | Z2: 167 | AA2: 12 | AB2: 106 | AC2: 0.11320755 | AD2: 0.1 | AE2: 1.1321 | AF2: 109 | AG2: 0.38510067 | AH2: 0.4 | AI2: 0.9628 | AJ2: 102 | AK2: 12 | AL2: 14 | AM2: 0.85714286 | AN2: 0.8 | AO2: 1.0714 | AP2: 134
A3: =_xlfn.XLOOKUP(Table1[[#This Row],[SAP]],'Location List'!B:B,'Location List'!G:G) -> MO/IA/NE | B3: =LEFT(Table1[[#This Row],[Sap: Loaction]],4) -> 3ISR | C3: 08/2026 | D3: 3ISR: Council Bluffs | E3: 1 | F3: 14 | G3: 86.5 | H3: * | I3: 62.5441 | J3: 40.000064 | K3: 1.5636 | L3: 15 | M3: 71 | N3: 82.917 | O3: 0.8563 | P3: 156 | Q3: 117 | R3: 604 | S3: 0.19370861 | T3: 0.24000571 | U3: 0.8071 | V3: 131 | W3: 1.6246023 | X3: 73 | Y3: 9.6667 | Z3: 127 | AA3: 16 | AB3: 66 | AC3: 0.24242424 | AD3: 0.1 | AE3: 2.4242 | AF3: 28 | AG3: 0.43337167 | AH3: 0.4 | AI3: 1.0834 | AJ3: 73 | AK3: 12 | AL3: 13 | AM3: 0.92307692 | AN3: 0.8 | AO3: 1.1538 | AP3: 97
A4: =_xlfn.XLOOKUP(Table1[[#This Row],[SAP]],'Location List'!B:B,'Location List'!G:G) -> KS/OK | B4: =LEFT(Table1[[#This Row],[Sap: Loaction]],4) -> 5280 | C4: 08/2026 | D4: 5280: Garth Brooks Blvd | E4: 1 | F4: 15 | G4: 90 | H4: * | I4: 63.3219 | J4: 40.0012 | K4: 1.583 | L4: 14 | M4: 117 | N4: 42.071 | O4: 2.781 | P4: 1 | Q4: 157 | R4: 490 | S4: 0.32040816 | T4: 0.24000611 | U4: 1.335 | V4: 8 | W4: 2.6315834 | X4: 5 | Y4: 8.5 | Z4: 260 | AA4: 3 | AB4: 65 | AC4: 0.046153846 | AD4: 0.1 | AE4: 0.4615 | AF4: 231 | AG4: 0.379731 | AH4: 0.4 | AI4: 0.9493 | AJ4: 106 | AK4: 16 | AL4: 19 | AM4: 0.84210526 | AN4: 0.8 | AO4: 1.0526 | AP4: 148
A5: =_xlfn.XLOOKUP(Table1[[#This Row],[SAP]],'Location List'!B:B,'Location List'!G:G) -> KS/OK | B5: =LEFT(Table1[[#This Row],[Sap: Loaction]],4) -> 4781 | C5: 08/2026 | D5: 4781: Market Place | E5: 1 | F5: 16 | G5: 90.85 | H5: * | I5: 34.4336 | J5: 40.001859 | K5: 0.8608 | L5: 122 | M5: 130 | N5: 98.461 | O5: 1.3203 | P5: 28 | Q5: 161 | R5: 518 | S5: 0.31081081 | T5: 0.24000835 | U5: 1.295 | V5: 11 | W5: 1.5133042 | X5: 89 | Y5: 7.92 | Z5: 301 | AA5: 9 | AB5: 68 | AC5: 0.13235294 | AD5: 0.1 | AE5: 1.3235 | AF5: 88 | AG5: 0.501424 | AH5: 0.4 | AI5: 1.2536 | AJ5: 44 | AK5: 11 | AL5: 12 | AM5: 0.91666667 | AN5: 0.8 | AO5: 1.1458 | AP5: 101
A6: =_xlfn.XLOOKUP(Table1[[#This Row],[SAP]],'Location List'!B:B,'Location List'!G:G) -> CENTRAL TEXAS | B6: =LEFT(Table1[[#This Row],[Sap: Loaction]],4) -> 545D | C6: 08/2026 | D6: 545D: College Station | E6: 1 | F6: 26 | G6: 97.75 | H6: * | I6: 66.0458 | J6: 35.000424 | K6: 1.887 | L6: 7 | M6: 44 | N6: 30.789 | O6: 1.4291 | P6: 15 | Q6: 71 | R6: 327 | S6: 0.21712538 | T6: 0.23999711 | U6: 0.9047 | V6: 81 | W6: 2.1478956 | X6: 18 | Y6: 10 | Z6: 1 | AA6: 1 | AB6: 38 | AC6: 0.026315789 | AD6: 0.1 | AE6: 0.2632 | AF6: 274 | AG6: 0.26512333 | AH6: 0.4 | AI6: 0.6628 | AJ6: 218 | AK6: 15 | AL6: 19 | AM6: 0.78947368 | AN6: 0.8 | AO6: 0.9868 | AP6: 175
A7: =_xlfn.XLOOKUP(Table1[[#This Row],[SAP]],'Location List'!B:B,'Location List'!G:G) -> SA SOUTH | B7: =LEFT(Table1[[#This Row],[Sap: Loaction]],4) -> 1627 | C7: 08/2026 | D7: 1627: Marbach | E7: 1 | F7: 27 | G7: 98.1 | H7: * | I7: 45.7689 | J7: 40.000787 | K7: 1.1442 | L7: 48 | M7: 95 | N7: 85.355 | O7: 1.113 | P7: 65 | Q7: 168 | R7: 604 | S7: 0.2781457 | T7: 0.24000837 | U7: 1.1589 | V7: 19 | W7: 1.467902 | X7: 99 | Y7: 9.5556 | Z7: 140 | AA7: 4 | AB7: 40 | AC7: 0.1 | AD7: 0.1 | AE7: 1 | AF7: 126 | AG7: 0.356979 | AH7: 0.4 | AI7: 0.8924 | AJ7: 131 | AK7: 20 | AL7: 29 | AM7: 0.68965517 | AN7: 0.8 | AO7: 0.8621 | AP7: 224
A8: =_xlfn.XLOOKUP(Table1[[#This Row],[SAP]],'Location List'!B:B,'Location List'!G:G) -> SOUTH TX/RGV | B8: =LEFT(Table1[[#This Row],[Sap: Loaction]],4) -> 2584 | C8: 08/2026 | D8: 2584: North Conway | E8: 1 | F8: 33 | G8: 100.05 | H8: * | I8: 38.517 | J8: 40.001039 | K8: 0.9629 | L8: 91 | M8: 138 | N8: 82.612 | O8: 1.6705 | P8: 7 | Q8: 163 | R8: 815 | S8: 0.2 | T8: 0.2400096 | U8: 0.8333 | V8: 115 | W8: 1.2933825 | X8: 144 | Y8: 9.7647 | Z8: 116 | AA8: 20 | AB8: 127 | AC8: 0.15748031 | AD8: 0.1 | AE8: 1.5748 | AF8: 72 | AG8: 0.405159 | AH8: 0.4 | AI8: 1.0129 | AJ8: 87 | AK8: 15 | AL8: 22 | AM8: 0.68181818 | AN8: 0.8 | AO8: 0.8523 | AP8: 226
A9: =_xlfn.XLOOKUP(Table1[[#This Row],[SAP]],'Location List'!B:B,'Location List'!G:G) -> KS/OK | B9: =LEFT(Table1[[#This Row],[Sap: Loaction]],4) -> 687E | C9: 08/2026 | D9: 687E: Peoria Ave | E9: 1 | F9: 38 | G9: 105.1 | H9: * | I9: 35.9323 | J9: 40.000334 | K9: 0.8983 | L9: 112 | M9: 89 | N9: 67.674 | O9: 1.3151 | P9: 29 | Q9: 145 | R9: 692 | S9: 0.20953757 | T9: 0.23999264 | U9: 0.8731 | V9: 96 | W9: 1.8154845 | X9: 40 | Y9: 8.1154 | Z9: 286 | AA9: 20 | AB9: 102 | AC9: 0.19607843 | AD9: 0.1 | AE9: 1.9608 | AF9: 41 | AG9: 0.30903167 | AH9: 0.4 | AI9: 0.7726 | AJ9: 174 | AK9: 12 | AL9: 14 | AM9: 0.85714286 | AN9: 0.8 | AO9: 1.0714 | AP9: 134
A10: =_xlfn.XLOOKUP(Table1[[#This Row],[SAP]],'Location List'!B:B,'Location List'!G:G) -> KS/OK | B10: =LEFT(Table1[[#This Row],[Sap: Loaction]],4) -> 966D | C10: 08/2026 | D10: 966D: Sapulpa | E10: 1 | F10: 49 | G10: 113.1 | H10: * | I10: 44.7758 | J10: 39.999821 | K10: 1.1194 | L10: 51 | M10: 73 | N10: 78.344 | O10: 0.9318 | P10: 127 | Q10: 115 | R10: 571 | S10: 0.20140105 | T10: 0.23999172 | U10: 0.8392 | V10: 113 | W10: 2.0385309 | X10: 23 | Y10: 8.2353 | Z10: 279 | AA10: 13 | AB10: 82 | AC10: 0.15853659 | AD10: 0.1 | AE10: 1.5854 | AF10: 69 | AG10: 0.35248067 | AH10: 0.4 | AI10: 0.8812 | AJ10: 134 | AK10: 14 | AL10: 17 | AM10: 0.82352941 | AN10: 0.8 | AO10: 1.0294 | AP10: 155
A11: =_xlfn.XLOOKUP(Table1[[#This Row],[SAP]],'Location List'!B:B,'Location List'!G:G) -> SA/HILL COUNTRY | B11: =LEFT(Table1[[#This Row],[Sap: Loaction]],4) -> 1DSW | C11: 08/2026 | D11: 1DSW: Kerrville | E11: 1 | F11: 55 | G11: 115.5 | H11: * | I11: 32.1165 | J11: 40.000623 | K11: 0.8029 | L11: 135 | M11: 52 | N11: 47.553 | O11: 1.0935 | P11: 69 | Q11: 80 | R11: 433 | S11: 0.18475751 | T11: 0.24000715 | U11: 0.7698 | V11: 154 | W11: 1.9120162 | X11: 29 | Y11: 9.9286 | Z11: 78 | AA11: 10 | AB11: 58 | AC11: 0.17241379 | AD11: 0.1 | AE11: 1.7241 | AF11: 58 | AG11: 0.33968233 | AH11: 0.4 | AI11: 0.8492 | AJ11: 146 | AK11: 4 | AL11: 8 | AM11: 0.5 | AN11: 0.8 | AO11: 0.625 | AP11: 278
A12: =_xlfn.XLOOKUP(Table1[[#This Row],[SAP]],'Location List'!B:B,'Location List'!G:G) -> KS/OK | B12: =LEFT(Table1[[#This Row],[Sap: Loaction]],4) -> 4789 | C12: 08/2026 | D12: 4789: Owen Garriott | E12: 1 | F12: 58 | G12: 116.7 | H12: * | I12: 36.2261 | J12: 39.997902 | K12: 0.9057 | L12: 110 | M12: 108 | N12: 90.23 | O12: 1.1969 | P12: 47 | Q12: 146 | R12: 605 | S12: 0.24132231 | T12: 0.2400023 | U12: 1.0055 | V12: 47 | W12: 1.2545074 | X12: 158 | Y12: 8.7368 | Z12: 236 | AA12: 24 | AB12: 76 | AC12: 0.31578947 | AD12: 0.1 | AE12: 3.1579 | AF12: 12 | AG12: 0.194115 | AH12: 0.4 | AI12: 0.4853 | AJ12: 284 | AK12: 12 | AL12: 15 | AM12: 0.8 | AN12: 0.8 | AO12: 1 | AP12: 165
A13: =_xlfn.XLOOKUP(Table1[[#This Row],[SAP]],'Location List'!B:B,'Location List'!G:G) -> SOUTH TX/RGV | B13: =LEFT(Table1[[#This Row],[Sap: Loaction]],4) -> 374E | C13: 08/2026 | D13: 374E: Ocean Blvd | E13: 1 | F13: 69 | G13: 128.6 | H13: * | I13: 15.6606 | J13: 30.001149 | K13: 0.522 | L13: 224 | M13: 31 | N13: 28.653 | O13: 1.0819 | P13: 74 | Q13: 41 | R13: 218 | S13: 0.18807339 | T13: 0.24001199 | U13: 0.7836 | V13: 144 | W13: 1.2518303 | X13: 159 | Y13: 10 | Z13: 1 | AA13: 4 | AB13: 38 | AC13: 0.10526316 | AD13: 0.1 | AE13: 1.0526 | AF13: 118 | AG13: 0.36666633 | AH13: 0.4 | AI13: 0.9167 | AJ13: 121 | AK13: 8 | AL13: 10 | AM13: 0.8 | AN13: 0.8 | AO13: 1 | AP13: 165
... A92: =_xlfn.XLOOKUP(Table1[[#This Row],[SAP]],'Location List'!B:B,'Location List'!G:G) -> DFW NORTH | B92: =LEFT(Table1[[#This Row],[Sap: Loaction]],4) -> 1BSA | C92: 08/2026 | D92: 1BSA: Ennis | E92: 5 | F92: 352 | G92: 291.7 | H92: * | I92: 4.9449 | J92: 34.995754 | K92: 0.1413 | L92: 313 | M92: 21 | N92: 32.314 | O92: 0.6499 | P92: 238 | Q92: 32 | R92: 293 | S92: 0.10921502 | T92: 0.23998026 | U92: 0.4551 | V92: 331 | W92: 0.7251556 | X92: 311 | Y92: 8.8 | Z92: 227 | AA92: 1 | AB92: 34 | AC92: 0.029411765 | AD92: 0.1 | AE92: 0.2941 | AF92: 264 | AG92: 0.121212 | AH92: 0.4 | AI92: 0.303 | AJ92: 334 | AK92: 1 | AL92: 4 | AM92: 0.25 | AN92: 0.8 | AO92: 0.3125 | AP92: 326
A93: =_xlfn.XLOOKUP(Table1[[#This Row],[SAP]],'Location List'!B:B,'Location List'!G:G) -> MO/IA/NE | B93: =LEFT(Table1[[#This Row],[Sap: Loaction]],4) -> 4BSI | C93: 08/2026 | D93: 4BSI: 180th Street | E93: 5 | F93: 355 | G93: 299.75 | H93: * | I93: 11.3874 | J93: 29.998419 | K93: 0.3796 | L93: 264 | M93: 18 | N93: 26.217 | O93: 0.6866 | P93: 226 | Q93: 33 | R93: 222 | S93: 0.14864865 | T93: 0.23998813 | U93: 0.6194 | V93: 260 | W93: 0.46201476 | X93: 347 | Y93: 3.3333 | Z93: 357 | AA93: 0 | AB93: 41 | AC93: 0 | AD93: 0.1 | AE93: 0 | AF93: 311 | AG93: 0 | AH93: 0.4 | AI93: 0 | AJ93: 353 | AK93: 0 | AL93: 0 | AM93: NaN | AN93: 0.8 | AP93: 349
A94: =_xlfn.XLOOKUP(Table1[[#This Row],[SAP]],'Location List'!B:B,'Location List'!G:G) -> DFW NORTH | B94: =LEFT(Table1[[#This Row],[Sap: Loaction]],4) -> 1239 | C94: 08/2026 | D94: 1239: Duncanville | E94: 5 | F94: 356 | G94: 300 | H94: * | I94: -41.4358 | J94: 34.999409 | K94: -1.1839 | L94: 359 | M94: 15 | N94: 51.518 | O94: 0.2912 | P94: 341 | Q94: 47 | R94: 393 | S94: 0.11959288 | T94: 0.24000176 | U94: 0.4983 | V94: 315 | W94: 0.51988858 | X94: 342 | Y94: 8.5714 | Z94: 252 | AA94: 0 | AB94: 35 | AC94: 0 | AD94: 0.1 | AE94: 0 | AF94: 311 | AG94: 0.34444433 | AH94: 0.4 | AI94: 0.8611 | AJ94: 141 | AK94: 10 | AL94: 19 | AM94: 0.52631579 | AN94: 0.8 | AO94: 0.6579 | AP94: 276

Sheet Location List
A1: AR Store Name | B1: STORE CODE | C1: STORE NAME | D1: ADDRESS | E1: CITY | F1: STATE | G1: DISTRICT | H1: REGION | I1: AREA | J1: DM | K1: RVP | L1: ADM
A2: 1DST : N Texas Ave & San Jacinto Ln | B2: 1DST | C2: Texas Ave | D2: 1601 N Texas Ave, Suite 180 | E2: Bryan | F2: TX | G2: CENTRAL TEXAS | H2: CENTRAL | I2: TMOBILE AREA | J2: STEVEN MENASHE | K2: ERICA GILLIAM | L2: KEVIN STARKE
A3: 1DSU : Rudder's Landing | B3: 1DSU | C3: Bryan | D3: 1622 W Villa Maria Rd, Suite 100 | E3: Bryan | F3: TX | G3: CENTRAL TEXAS | H3: CENTRAL | I3: TMOBILE AREA | J3: STEVEN MENASHE | K3: ERICA GILLIAM | L3: KEVIN STARKE
A4: 1FSC : Old San Antonio Rd & Main St | B4: 1FSC | C4: Buda | D4: 640 Old San Antonio Rd, Suite 100 | E4: Buda | F4: TX | G4: CENTRAL TEXAS | H4: CENTRAL | I4: TMOBILE AREA | J4: STEVEN MENASHE | K4: ERICA GILLIAM | L4: KEVIN STARKE
A5: 1FSS : Belterra Village | B5: 1FSS | C5: Belterra | D5: 165 Hargraves Dr, Suite P200 | E5: Austin | F5: TX | G5: CENTRAL TEXAS | H5: CENTRAL | I5: TMOBILE AREA | J5: STEVEN MENASHE | K5: ERICA GILLIAM | L5: KEVIN STARKE
A6: 1FSU : Bee Caves & Walsh Tarlton | B6: 1FSU | C6: West Woods | D6: 3201 Bee Caves Road, Suite 160 | E6: Austin | F6: TX | G6: CENTRAL TEXAS | H6: CENTRAL | I6: TMOBILE AREA | J6: STEVEN MENASHE | K6: ERICA GILLIAM | L6: KEVIN STARKE
A7: 545D : State Hwy 6 & Arrington Rd | B7: 545D | C7: College Station | D7: 4400 Highway 6 S, Suite 400 | E7: College Station | F7: TX | G7: CENTRAL TEXAS | H7: CENTRAL | I7: TMOBILE AREA | J7: STEVEN MENASHE | K7: ERICA GILLIAM | L7: KEVIN STARKE
A8: 961F : State Hwy 71 & W Hwy 159 | B8: 961F | C8: Highway 71 | D8: 2001 W State Highway 71, Suite D | E8: La Grange | F8: TX | G8: CENTRAL TEXAS | H8: CENTRAL | I8: TMOBILE AREA | J8: STEVEN MENASHE | K8: ERICA GILLIAM | L8: KEVIN STARKE
A9: 1DSD : Constitution & US 190 | B9: 1DSD | C9: Copperas Cove | D9: 210 Constitution Dr, Building B | E9: Copperas Cove | F9: TX | G9: CENTRAL TEXAS | H9: CENTRAL | I9: TMOBILE AREA | J9: STEVEN MENASHE | K9: ERICA GILLIAM | L9: KEVIN STARKE
A10: 1DSF : Stan Schlueter & Jake Spoon | B10: 1DSF | C10: Killeen | D10: 3650 W Stan Schlueter Loop, Suite 100 | E10: Killeen | F10: TX | G10: CENTRAL TEXAS | H10: CENTRAL | I10: TMOBILE AREA | J10: STEVEN MENASHE | K10: ERICA GILLIAM | L10: KEVIN STARKE
A11: 1DSG : N Main St & Carlos G Parker Blvd NW | B11: 1DSG | C11: Taylor | D11: 3605 N Main St, Suite 36-102 | E11: Taylor | F11: TX | G11: CENTRAL TEXAS | H11: CENTRAL | I11: TMOBILE AREA | J11: STEVEN MENASHE | K11: ERICA GILLIAM | L11: KEVIN STARKE
A12: 1FSH : Ring Dr & Saint Mary Dr | B12: 1FSH | C12: Manor | D12: 11828 Ring Dr, Suite 109 | E12: Manor | F12: TX | G12: CENTRAL TEXAS | H12: CENTRAL | I12: TMOBILE AREA | J12: STEVEN MENASHE | K12: ERICA GILLIAM | L12: KEVIN STARKE
... A98: 930E : Gregg St & 19th St | B98: 930E | C98: Big Spring | D98: 1900 S Gregg St, Suite A | E98: Big Spring | F98: TX | G98: WEST TEXAS | H98: CENTRAL | I98: TMOBILE AREA | J98: ANTHONY MONTOYA | K98: ERICA GILLIAM | L98: KEVIN STARKE

Sheet Metric Rankings
A1: Data Thru | B1: 46238
A4: Metric | B4: Weighting
A5: GP Per Labor Hour | B5: 0.15
A6: PP Act | B6: 0.15
A7: ReBiz Conv | B7: 0.15
A8: Acc GP | B8: 0.1
A9: CSAT | B9: 0.1
A10: Visa Priority | B10: 0.15
A11: P360 Attach | B11: 0.1
A12: Premium Mix | B12: 0.1
A15: Region Ranking Table
A16: Quintile Position | B16: Min Rank | C16: Max Rank
A17: 1 | B17: 1 | C17: 1
A18: 2 | B18: 2 | C18: 3
A19: 3 | B19: 3 | C19: 3
A20: 4 | B20: 4 | C20: 4
A23: District Ranking Table
A24: Quintile Position | B24: Min Rank | C24: Max Rank
A25: 1 | B25: 1 | C25: 7
A26: 2 | B26: 8 | C26: 14
A27: 3 | B27: 15 | C27: 22
A28: 4 | B28: 23 | C28: 29
A29: 5 | B29: 30 | C29: 37
A32: Store Ranking Table
A33: Quintile Position | B33: Min Rank | C33: Max Rank
A34: 1 | B34: 1 | C34: 72
A35: 2 | B35: 73 | C35: 144
A36: 3 | B36: 145 | C36: 216
A37: 4 | B37: 217 | C37: 288
A38: 5 | B38: 289 | C38: 360
